"0","MDplot(wines.sc)+ggplot2::ggtitle("
"0","  'Is this a appropriate normalizations?')"
"2","Subordinate package (moments) is missing. Please install the package which is defined in ""Suggests"" to select this Ordering or ""RobustGaussian=TRUE"". Setting Ordering to ""Default"" and ""RobustGaussian=FALSE"".
"
"2","Subordinate package (diptest) is missing. Please install the package which is defined in ""Suggests"" to select this Ordering or ""RobustGaussian=TRUE"". Setting Ordering to ""Default"" and ""RobustGaussian=FALSE"".
"
"2","Subordinate package (diptest) is missing. Please install the package which is defined in ""Suggests"" to select this Ordering or ""RobustGaussian=TRUE"". Setting Ordering to ""Columnwise"" and ""RobustGaussian=FALSE"".
"
"2","Warning in geom_violin(stat = ""PDEdensity"", scale = MDscaling, size = LineSize,  :"
"2","
 "
"2"," [1m[22mIgnoring unknown parameters: `bounds`
"
"2","Warning in MDplot(wines.sc) :"
"2","
 "
"2"," Package ggExtra is not installed. Labels of Variablenames are not rotated.
"
